{"cameraMode":{"drawMode":0,"name":"Shaded","section":"Shading Mode"},"sceneLighting":false,"audioPlay":false,"sceneViewState":{"m_AlwaysRefresh":false,"showFog":true,"showSkybox":false,"showFlares":true,"showImageEffects":true,"showParticleSystems":true,"showVisualEffectGraphs":true,"m_FxEnabled":true},"in2DMode":false,"pivot":{"x":4.889495372772217,"y":21.743515014648439,"z":-10.682778358459473},"rotation":{"x":0.23664574325084687,"y":-0.1056484654545784,"z":0.02557029016315937,"w":0.9655822515487671},"size":1.7320507764816285,"orthographic":false}